Natural Gas Feed (kmol/h),Steam Feed (kmol/h),Temperature (°C),Total Annual Cost (TAC) [$/h],Hydrogen Production  Nm^3/h,CO in Tail Gas [frac]
1438.29,4274.59,647.032,8.40E+07,98215.1,0.0889206
2080.24,5420.2,632.708,9.45E+07,106420,0.0784309
1910.23,4764.7,616.575,8.47E+07,94710.3,0.0637211
1527.27,3656.66,606.855,7.48E+07,85163.3,0.0544591
1776.38,6180.21,611.775,7.84E+07,81124.1,0.0616732
1320.15,3850.55,626.263,7.51E+07,86929.3,0.0689407
1938.48,3237.13,616.727,8.97E+07,106634,0.0658319
1417.69,6286.06,626.975,7.43E+07,76326.7,0.0770428
2387.13,5688.43,608.259,8.87E+07,94769.8,0.0565377
2354.69,3563.21,628.054,1.04E+08,124704,0.0802574
1435.05,3332.56,611.365,7.51E+07,87502.4,0.0556217
1269.42,5118.33,616.035,6.85E+07,72233.3,0.0679114
1638.12,3533.26,615.439,8.14E+07,95124.7,0.0599021
1290.33,3824.02,618.56,7.19E+07,82022.7,0.0636369
1860.8,5052.5,627.093,8.77E+07,98495.5,0.0731999
1781.82,4912.09,618.825,8.28E+07,91737.9,0.066586
2201.1,6191.21,614.837,8.79E+07,93150.4,0.062151
1602.96,5001.93,645.629,8.71E+07,99356.1,0.0917239
2101.76,4927.09,617.143,8.87E+07,99460.5,0.0640542
2262.49,4265.93,638.733,1.07E+08,127079,0.0826904
1906.37,4545.05,637.668,9.50E+07,111027,0.0809547
1950.54,4288.18,614.304,8.58E+07,97820,0.0611156
1517.55,3399.18,621.712,8.14E+07,96712.6,0.0622611
2150.38,3518.97,606.143,8.63E+07,99694.1,0.056767
1316.69,5593.94,644.95,7.61E+07,82626.4,0.0951813
1226.82,5613.53,614.872,6.64E+07,68070.4,0.0674678
1578.09,5886.89,601.218,7.12E+07,72198.6,0.0542471
2310.98,3525.53,615.556,9.45E+07,111596,0.066486
2019.06,3260.95,638.96,1.05E+08,128169,0.100452
1220.02,4957.3,603.593,6.43E+07,66653.6,0.0578295
2294.3,4212.5,601.981,8.53E+07,95062.3,0.0525446
2277.9,4706.3,608.673,8.81E+07,97910.5,0.0572621
1208.26,5819.86,617.609,6.64E+07,67551.9,0.0698851
2171.65,3614.92,648.359,1.13E+08,139783,0.102152
1738.86,4950.3,609.827,7.82E+07,85148.9,0.0593796
1577.61,5059.18,602.982,7.21E+07,76194.8,0.0551524
1800.42,4856.49,607.502,7.86E+07,85582.6,0.0572781
1406.03,3953.04,619.874,7.54E+07,86148.6,0.0648273
1478.34,3772.62,634.53,8.35E+07,98785.3,0.073306
2372.54,3730.75,612.358,9.33E+07,108210,0.062406
2254.84,3436.19,636.555,1.08E+08,131526,0.0954086
1754.32,5474.08,615.673,7.99E+07,86027,0.0649211
1810.02,5881.91,622.874,8.33E+07,89160.6,0.0710196
1580.94,4312.19,601.375,7.24E+07,79397.9,0.0524403
1862.92,5364.7,613.93,8.18E+07,88276.3,0.0628088
2058.82,4131.13,639.469,1.02E+08,122413,0.081488
1669.63,4610.76,620.502,8.11E+07,91464.1,0.0675152
1994.46,3480.15,602.932,8.22E+07,94296.3,0.0536861
1914.21,4511.52,607.204,8.13E+07,90303.6,0.0561911
1978.2,5372.03,624.754,8.87E+07,98549.7,0.0714785
1376.96,3746.07,604.574,7.00E+07,78593.3,0.0534947
1897.5,3442.02,629.91,9.58E+07,115725,0.0737086
2088.65,4554.36,609.388,8.54E+07,95500.8,0.0578353
1966.96,5878.91,638.225,9.29E+07,103010,0.0844972
1811.62,3324.48,627.373,9.27E+07,111749,0.0708448
1518.59,5361,614.576,7.41E+07,78685.6,0.0652336
1650.94,3503.38,616.184,8.23E+07,96608.6,0.0602613
2065.66,5966.67,646.933,9.89E+07,111438,0.0925011
1349.97,4997.43,640.821,7.73E+07,85804.5,0.0894548
1780,3484.74,642.69,9.88E+07,120997,0.0798428
1702.54,5103.47,633.128,8.57E+07,96220.9,0.0799005
1307.53,6256.68,634.055,7.28E+07,74986.3,0.0840109
1849.69,6033.62,608.781,7.90E+07,81697.9,0.0588787
1748.8,4216.77,646.158,9.52E+07,113380,0.0858973
1512.65,4990.46,644.314,8.37E+07,94813.3,0.091389
1249.56,4393.16,647.453,7.66E+07,87721.6,0.0931695
2113.47,4988.78,616.4,8.88E+07,98534.7,0.0637887
1691.01,6013.48,637.783,8.52E+07,92031.2,0.0857284
1961.02,3756.29,617.07,8.89E+07,104175,0.0631664
1448.69,6296.5,648.741,8.06E+07,85809.1,0.0978556
2064.27,5809.32,601.716,8.03E+07,83876.6,0.0524936
1853.88,4193.49,621.267,8.70E+07,100769,0.066786
1380.38,5319.92,645.447,7.88E+07,87013.3,0.0948286
2398.83,4628.75,621.421,9.76E+07,111682,0.0678063
1959.6,5012.66,605.521,8.04E+07,87579,0.0549882
1728.55,5502.14,649.238,9.08E+07,103128,0.0961626
1661.48,3521.98,637.252,9.22E+07,111481,0.0737525
2263.94,5265.02,600.595,8.34E+07,88853,0.0510346
2039.64,5108.28,640.092,9.78E+07,112881,0.0849
1949,3368.17,624.72,9.41E+07,113328,0.0712126
1353.99,3529.77,612.984,7.29E+07,84133,0.0574662
1212.34,5321.63,649.756,7.38E+07,80735.6,0.100001
1617.12,3752.2,605.281,7.61E+07,85905.7,0.0538959
1719.73,5854.48,637.726,8.61E+07,93952.9,0.0853336
2371.59,4512.48,637.559,1.07E+08,126798,0.0818522
1922.45,5163.35,617.918,8.50E+07,93741.1,0.0656366
2277.09,3939.97,610.743,9.06E+07,104073,0.0597446
2192.1,3202.72,637.943,1.07E+08,130462,0.12239
1234.92,4382.02,624.696,7.07E+07,78560.3,0.0727416
1376.09,5822.69,603.177,6.75E+07,67512.8,0.057179
1481.94,5942.17,628.287,7.66E+07,80868.2,0.0781583
1346.62,4160.42,637.488,7.83E+07,90740.9,0.0807343
1584.85,3713.55,638.692,8.92E+07,106719,0.0753192
1328.01,5604.56,628.211,7.25E+07,76688.6,0.0789754
2316.98,4972.35,632.146,1.01E+08,116563,0.0771986
1882.1,5401.96,615.508,8.28E+07,89730,0.0636477
2159.63,4794.2,615.277,8.92E+07,100204,0.0625977
1558.33,5427.92,635.473,8.17E+07,89518.5,0.0839066
1817.71,3301.09,625.36,9.17E+07,110630,0.0693818
1385.75,6254.61,605.658,6.83E+07,67660.6,0.059304
1313.28,5521.81,607.961,6.73E+07,68965.3,0.0614406
1244.37,5354.61,639.579,7.28E+07,78662.8,0.0900247
1756.94,6087.59,627.119,8.33E+07,88715.5,0.0752918
2061.86,3628.42,644.074,1.08E+08,131810,0.0888221
2087.32,3685.61,635.384,1.03E+08,124128,0.0799838
1425.27,5293.13,635.169,7.77E+07,84905.9,0.0844553
2123.08,5770.57,632.864,9.48E+07,105263,0.0784619
1828.58,3536,640.758,9.92E+07,121136,0.0794407
1370.09,5866.27,608.804,6.89E+07,69668.2,0.0620322
1422.29,5701.65,614.925,7.18E+07,74128.1,0.0664232
1597.7,3784.83,611.503,7.79E+07,89170.9,0.057823
2356.66,3238.79,622.781,9.99E+07,119899,0.0829217
2168.79,6381.88,640.141,9.78E+07,107140,0.0853557
1348.05,6380.18,600.526,6.62E+07,64499.7,0.0553281
1989.65,3749.29,630.119,9.69E+07,116204,0.0735566
1446.96,3401.94,648.621,8.90E+07,108301,0.0753504
1973.73,5176.59,630.034,9.14E+07,103270,0.0758286
1357.6,4578.16,648.671,8.07E+07,92276.5,0.0943648
1452.99,5775.97,646.811,8.09E+07,88119.8,0.0962535
1886.5,4240.03,613.008,8.37E+07,95380.8,0.0600244
2375.85,4356.02,611.16,9.17E+07,103686,0.0595502
2196.01,6040.13,619.706,9.01E+07,97088.6,0.0663856
1412.5,5955.76,616.404,7.18E+07,73685.7,0.0678801
2154,3456.81,640.245,1.08E+08,132679,0.0961369
1471.11,3359.92,617.014,7.84E+07,92086.2,0.0592058
1327.17,4276.45,622.94,7.30E+07,82214.2,0.0702491
1665.07,5421.82,604.026,7.40E+07,77810.9,0.0559218
1946.3,5214.17,614.204,8.39E+07,91888.6,0.0623797
1660.39,4878.31,649.371,9.07E+07,104981,0.0942824
2297.08,5907.65,603.497,8.50E+07,88788.2,0.0528632
1301.52,5724.92,629.956,7.19E+07,75996.2,0.0807103
1399.35,4831.89,631.865,7.68E+07,85415.4,0.0803369
1671.06,4024.83,616.098,8.10E+07,93086.8,0.0620381
1659.04,4439.52,634.367,8.67E+07,100353,0.0780716
1632.5,5832.73,611.825,7.55E+07,78639,0.0624063
1666.46,5914.25,649.064,8.80E+07,97415.9,0.0970902
2156.22,5840.4,646.561,1.02E+08,115419,0.0919456
1409.88,3764.82,645.527,8.45E+07,100809,0.0806165
2059.57,6357.87,630.447,9.15E+07,98296.4,0.0768222
1974.42,4107.18,645.371,1.03E+08,124094,0.0857275
2143.05,4292.77,626.099,9.61E+07,112271,0.0712711
1793.24,4729.63,607.826,7.89E+07,86389.6,0.0572996
1812.75,4124.13,636.811,9.37E+07,111179,0.0780871
1986.94,3857.91,606.265,8.33E+07,95008.1,0.0554097
2136.02,6011.75,637.077,9.64E+07,106671,0.082522
1315.53,4679.57,610.548,6.85E+07,73867.6,0.061877
2282.52,5470.16,643.426,1.05E+08,120031,0.0877264
1389.07,5027.7,640.6,7.83E+07,87306.4,0.0890777
2224.99,6277.49,624.602,9.24E+07,99316,0.0707069
2134.61,3828.12,611.903,8.89E+07,102824,0.0600618
1288.69,6184.21,649.981,7.53E+07,79712.8,0.0992073
1818.04,4153.45,608.422,8.06E+07,90611.3,0.0567884
2388.74,6108.66,645.087,1.06E+08,119803,0.0895173
1612.69,5346.11,626.021,8.03E+07,87605,0.0746682
1956,5893.92,605.241,7.99E+07,83099.6,0.0556943
1395.38,4532.26,628.474,7.62E+07,85833,0.0755356
1626.55,4008.02,617.192,8.04E+07,92280.8,0.0626102
1209.19,3964.59,641.091,7.45E+07,86116,0.0830606
1389.73,5485.71,642.419,7.80E+07,85550.3,0.0919725
1314.33,4693.84,645.344,7.79E+07,88040.7,0.0926148
1306.59,5135.03,622.614,7.08E+07,75890.3,0.0732589
1221.73,5194.08,622.115,6.84E+07,72420.8,0.0737818
1559.15,5950.53,641.756,8.25E+07,89540.6,0.0908269
2045.46,6241.36,631.741,9.16E+07,99432.2,0.0780994
1433.47,3232.7,612.852,7.61E+07,89387.8,0.0562355
2068.99,3208.72,601.028,8.23E+07,94726.2,0.0542249
1426.84,6342.87,614.646,7.16E+07,71783.8,0.0663062
1798.01,4012.43,605.805,7.92E+07,89244,0.0548593
1442.71,5563.58,630.284,7.63E+07,82108.4,0.0801
1725.85,4744.31,618.193,8.13E+07,90994.6,0.0660291
2180.25,5145.16,627.558,9.51E+07,107555,0.0731479
1765.39,5538.14,645.151,9.09E+07,101938,0.0919021
2140.89,5992.44,626.332,9.20E+07,100283,0.0725746
1285.97,5637.3,612.659,6.75E+07,69153.2,0.0655662
2211.31,4252.68,609.494,8.80E+07,99802.3,0.0579722
1542.5,4317.36,626.535,8.07E+07,92111.8,0.0716723
1522.93,4613.85,632.393,8.12E+07,92263.3,0.0781923
1657.47,5206.28,607.305,7.51E+07,79864.4,0.0580745
1361.27,6205.96,638.118,7.53E+07,78961.5,0.0877836
1605.24,3257.85,600.934,7.48E+07,86116.6,0.050405
1333.31,3360.49,643.929,8.30E+07,99567.7,0.0723807
1371.39,3808.33,630.617,7.83E+07,91232.3,0.0713002
1300.74,4767.37,635.35,7.47E+07,83028,0.0839695
1840.32,3353.91,608.724,8.31E+07,97113.1,0.0571002
1957.94,5115.27,612.738,8.37E+07,91577.2,0.0613022
2129.97,3716.21,606.09,8.58E+07,98554.8,0.0559447
1479.1,6121.54,602.612,6.95E+07,69070.1,0.0560683
1685.03,4695.08,627.83,8.42E+07,95391.6,0.0738295
2002.53,4015.19,603.672,8.19E+07,91978.9,0.0536724
1888.6,3911.38,633.268,9.51E+07,113607,0.0749996
2234.01,5373.28,634.401,9.91E+07,112678,0.0794076
2271.78,4452.61,631.043,1.01E+08,118708,0.0756861
2307.76,3395.83,609.149,9.04E+07,105204,0.0616712
1553.13,6269.52,613.243,7.41E+07,75480.2,0.0643519
1556.48,3244.29,633.039,8.84E+07,106805,0.0686698
1281.73,4641.72,602.561,6.55E+07,69265.4,0.0558583
1646.65,3328.44,621.575,8.53E+07,102165,0.0635806
2367.4,5590.22,636.302,1.03E+08,116692,0.0809361
1540.59,3477.87,625.864,8.35E+07,99181.8,0.0651926
1569.39,4257.2,606.355,7.41E+07,82266.2,0.0560949
2125.63,6176.51,621.318,8.90E+07,95590.4,0.0681114
1715.72,5606.5,628.01,8.31E+07,90385.4,0.0761798
1618.56,5125.74,613.094,7.63E+07,82404.5,0.0629633
1904.36,6044.72,623.437,8.56E+07,91461.4,0.0713152
1907.54,4814.43,636.605,9.35E+07,107781,0.0809942
2104.56,6362.94,610.554,8.43E+07,87550.1,0.0593665
2242.01,4435.44,630.776,1.00E+08,117988,0.0755496
1496.84,5694.61,635.68,7.93E+07,86034.3,0.0846631
1831.19,4232.37,625.93,8.86E+07,103155,0.0700155
1935.68,3379.08,633.756,9.93E+07,120931,0.0792012
2075.18,6229.52,648.404,9.92E+07,110573,0.0941174
2090.26,6339.34,637.37,9.48E+07,103548,0.0831761
1822.86,5129.41,607.924,7.88E+07,84893.2,0.0577059
2248.22,3649.73,607.01,8.82E+07,101432,0.0576043
2031.48,3274.18,631.407,1.00E+08,122089,0.0840698
2095.87,5207.85,627.913,9.34E+07,104850,0.073405
1382.31,3592.84,640.851,8.30E+07,98755.9,0.0748309
2237.27,4205.15,649.579,1.13E+08,137176,0.0921279
1960.5,4962.44,628.713,9.11E+07,103279,0.0743761
2337.48,3927.31,631.608,1.05E+08,125776,0.078249
2100.53,5436.38,611.257,8.52E+07,92418,0.0597286
1341.85,3254.46,632.203,8.03E+07,96058.9,0.0650294
1337.18,3466.82,645.84,8.29E+07,100033,0.0756064
2312.53,4928.88,629.36,9.96E+07,114183,0.074341
2343.74,3293.37,604.33,8.77E+07,100984,0.0587881
1604.28,3884.94,629.023,8.53E+07,99888.5,0.0705223
1278.15,4621.85,648.89,7.71E+07,87635.1,0.0957892
2241.51,4351.14,626.463,9.83E+07,114683,0.0717605
2169.93,4362.57,633.874,1.01E+08,119008,0.0780159
1845.35,3584.91,602.459,7.92E+07,90652.3,0.0525386
1619.01,5181.46,615.105,7.70E+07,83121.2,0.0648245
2024.21,5226.61,616.235,8.62E+07,94931.2,0.0637903
1871.89,3507.61,649.628,1.05E+08,129883,0.0889072
1640.11,5401.56,621.775,7.92E+07,86087.6,0.0707014
1623.01,5255.49,623.02,7.96E+07,86826,0.071652
1995.77,5464.21,600.618,7.90E+07,83141.1,0.051772
1260.5,4280.47,627.863,7.23E+07,81496.5,0.0748109
1873.2,3837.08,649.65,1.04E+08,125864,0.0860794
1533.71,5508.98,646.102,8.39E+07,92782.3,0.0947587
2040.7,6133.43,619.923,8.70E+07,92863.9,0.067396
2279.69,3738.72,641.609,1.11E+08,135758,0.0908285
2025.07,3933.31,648.344,1.07E+08,130617,0.0882552
1265.74,6351.75,636.193,7.20E+07,73507.2,0.0856871
1774.66,3660.69,604.172,7.88E+07,89989.5,0.053351
2007.12,4807.36,639.98,9.80E+07,114158,0.0838829
2380.55,5187.88,646.499,1.10E+08,128492,0.090636
1594.13,5219.72,627.693,8.04E+07,88742.9,0.0758289
1968.55,4812.65,616.275,8.60E+07,96141.2,0.0632125
1382.97,3669.41,620.345,7.60E+07,87730.4,0.0629658
1767.54,3635.21,604.61,7.89E+07,90273.3,0.0534748
1514.23,4019.15,627.308,8.11E+07,94008.7,0.0705357
1378.83,4890.79,636.698,7.72E+07,86334.3,0.0847061
1291.53,4896.9,620.905,7.03E+07,76111.3,0.0713491
1678.71,5920.06,634.74,8.37E+07,90909.2,0.0827973
1469.44,6290.88,610.981,7.13E+07,71897.2,0.0627228
2017.42,4372.54,639.201,9.99E+07,118144,0.0816168
2383.72,5063.4,605.338,8.76E+07,95621.1,0.0543598
2381.3,5751.82,643.226,1.06E+08,120854,0.0874363
1398.95,4446.62,611.476,7.14E+07,78511.9,0.0611606
1410.61,5555.7,624.819,7.41E+07,78745.5,0.0752313
1867.71,4227.06,638.887,9.59E+07,113774,0.0805479
2184.52,5426.5,634.865,9.81E+07,111066,0.0799301
1439.07,4774.34,631.906,7.81E+07,87015.7,0.0795012
1554.09,6047.42,632.308,7.98E+07,84498.5,0.0812868
1866.99,3737.27,618.7,8.77E+07,102979,0.063835
1230.3,4788.68,623.463,6.93E+07,75021.8,0.0736882
1366.84,6376.43,620.684,7.13E+07,72118,0.0716589
1254.94,6081.72,609.031,6.58E+07,65256.9,0.0625435
2340.12,5367.25,627.49,9.80E+07,110128,0.0728992
1705.18,5347.22,625.425,8.23E+07,90276,0.0732453
2028.46,3876.23,608.381,8.52E+07,97565.7,0.0567259
1423.83,3269.95,643.591,8.71E+07,106081,0.0709165
1654.89,3568.31,633.954,9.04E+07,108527,0.0717762
2252.09,3943.27,620.74,9.61E+07,112872,0.067668
1525.72,3310.68,646.8,9.21E+07,113330,0.0746668
2221.78,6092.45,618.39,9.00E+07,96489,0.064885
2116.82,3619.3,631.761,1.01E+08,122527,0.0777504
1978.95,4249.41,620.4,8.94E+07,103279,0.066034
1686.47,4163.93,635.621,8.89E+07,104541,0.0774622
2368.54,4916.01,614.796,9.26E+07,104153,0.06182
2301.37,5947.97,612.472,8.90E+07,94968.4,0.0600482
2097.17,4939.98,610.279,8.56E+07,94227.1,0.0585925
1631.09,5131.2,647.143,8.81E+07,100533,0.0937801
2063.52,4430.67,618.439,8.97E+07,102887,0.0646877
1400.66,6056.8,626.439,7.39E+07,76773.7,0.076631
1652.16,4753.46,632.697,8.49E+07,96346.9,0.078643
1343.45,4399.68,616.838,7.14E+07,79388.2,0.0654699
1496.15,4708.1,615.385,7.46E+07,82211.6,0.0646892
1589.15,3849.51,639.153,8.88E+07,105740,0.0772869
1299.12,4834.7,609.58,6.77E+07,72216.2,0.0618695
1565.39,4261.64,639.449,8.62E+07,100989,0.0817888
1595.95,4176.97,643.961,8.91E+07,105506,0.0843912
2270.69,3212.98,610.803,9.07E+07,106902,0.0655607
2317.56,5081.8,630.464,1.00E+08,114140,0.0755862
2260.85,6398.41,642.271,1.01E+08,111697,0.0870916
1393.25,4243.57,623.68,7.54E+07,85251.6,0.0696361
1544.87,4139.92,640.329,8.65E+07,101498,0.081251
1530.06,6031.59,607.894,7.21E+07,73469.1,0.0600641
2140.6,3433.58,644.829,1.11E+08,136193,0.108731
1476.57,6142.35,632.043,7.73E+07,81392.2,0.0817627
1324.4,5157.3,609.763,6.80E+07,71490,0.0621685
2395.34,3860.38,600.736,8.59E+07,96575.2,0.0526261
1335,5489.41,624.423,7.18E+07,75881.4,0.0753815
1528.31,3380.49,608.519,7.61E+07,88464,0.0543796
1987.69,4946.66,643.514,9.84E+07,114502,0.0875866
1962.02,3609.65,628.621,9.59E+07,115050,0.0723097
1587.52,6211.89,641.732,8.29E+07,89001.2,0.090222
1451.23,5075.27,627.732,7.68E+07,84286.2,0.076748
1460.21,4076.55,607.419,7.22E+07,80524.9,0.0564124
1816.72,5570.45,642.95,9.14E+07,102483,0.0894312
2027.69,4745.95,604.693,8.18E+07,89498.8,0.054234
1908.79,5250,635.264,9.16E+07,103694,0.081321
2234.52,6319.3,618.692,9.00E+07,95565.6,0.0651516
2281.14,4031.22,649.858,1.15E+08,140898,0.0943437
1695.79,4402.74,609.971,7.81E+07,86889.2,0.0584341
2336.35,6101.56,610.136,8.84E+07,93306.7,0.0579016
1748,6352.23,614.401,7.87E+07,80892.7,0.0639819
1505.25,4179.83,612.563,7.50E+07,84210.7,0.0606692
1824.1,4559.51,614.965,8.28E+07,92910.2,0.0623507
1729.74,3890.77,600.058,7.56E+07,84696.7,0.050728
2250.03,3722.93,612.603,9.18E+07,106543,0.0615604
1362.29,4222,613.168,7.15E+07,79262.3,0.0616401
1508.3,4901.12,630.824,7.99E+07,88791.1,0.0785977
2275.81,5197.54,649.708,1.09E+08,127441,0.0936
1953.83,6067.22,625.97,8.76E+07,94283.6,0.0730273
1488.69,4354.12,606.964,7.23E+07,79607.4,0.0572695
2245.13,4562.44,601.284,8.38E+07,92093.7,0.0516369
1649.3,5839.17,615.01,7.71E+07,81259.8,0.0651043
1731.78,6151.44,644.032,8.82E+07,96105,0.0912601
1203.4,4699.49,609.263,6.53E+07,69300.4,0.0621314
1820.95,4982.75,644.703,9.37E+07,108354,0.0892604
1758.11,3594.78,625.279,8.92E+07,105864,0.0672368
2160.72,3948.54,622.476,9.56E+07,112169,0.068416
2145.75,4923.57,606.331,8.44E+07,92251.2,0.055578
1916.98,4032.15,621.806,8.94E+07,104362,0.0664889
2259.25,5035.68,601.511,8.37E+07,90642.1,0.0516951
1838.35,4428.28,620.082,8.55E+07,97542.5,0.066155
2391.33,3675.75,634.617,1.09E+08,132033,0.0867253
1322.03,5812.33,633.588,7.35E+07,77484.5,0.0838941
1245.35,5440.82,608.125,6.56E+07,67082.3,0.0618658
1919.7,3407.42,609.218,8.44E+07,98804.4,0.0580677
1895.51,4848.31,628.347,8.95E+07,101829,0.0737437
1284.23,5722.04,633.189,7.23E+07,76140.5,0.0838595
1735.57,4964.36,640.007,8.96E+07,101923,0.0853008
1992.27,5665.47,624.891,8.86E+07,97109.8,0.0717568
2398.04,3247.41,645.291,1.16E+08,138105,0.171775
2120.72,4733.23,646.274,1.05E+08,123755,0.0894977
2070.6,5621.56,618.894,8.77E+07,95629.9,0.0662621
2252.6,5326.67,610.768,8.80E+07,95776.3,0.0587756
1847.28,6161.67,634.341,8.79E+07,95076.9,0.0815856
1406.52,4096.33,606.793,7.09E+07,78697.7,0.0563622
1741.99,6284.09,646.089,8.87E+07,96637.7,0.0935163
2105.15,4493.63,625.587,9.43E+07,109080,0.0707788
2094.46,5816.18,623.265,8.98E+07,97887.8,0.0699483
1445.49,5776.58,612.167,7.14E+07,73722.5,0.0640114
2158.76,3622.6,619.031,9.42E+07,111405,0.0670311
2011.05,5640.28,605.634,8.12E+07,85860.1,0.0553541
1599.17,6147.54,623.988,7.84E+07,81945.8,0.073459
1552.69,5385.44,601.692,7.10E+07,73676.3,0.0545779
1344.17,4378.11,605.791,6.84E+07,74267.4,0.0571436
1734.01,4907.46,602.232,7.52E+07,80613.8,0.0534415
1292.64,5268.02,616.146,6.88E+07,72393.5,0.0681643
1401.81,5041.72,619.519,7.30E+07,78943.7,0.0696053
1988.66,6395.98,631.663,9.01E+07,96547.1,0.0780859
2385.29,6347.09,620.796,9.39E+07,100696,0.0665242
1999,6168.65,622.587,8.71E+07,93333.7,0.0698795
1432.56,3790.11,607.578,7.24E+07,81519.4,0.0552763
2071.9,3709,622.983,9.47E+07,112411,0.0687881
2240.17,3901.55,618.283,9.47E+07,110492,0.0658691
1727.87,5928,606.203,7.58E+07,78034,0.057577
2109.63,4230.27,640.37,1.04E+08,123785,0.0829283
2081.07,5660.8,605.43,8.23E+07,86909.4,0.0549399
1894.43,4041.97,630.517,9.32E+07,110443,0.0731967
2216.04,5577.24,615.935,8.94E+07,96903,0.0628815
1994.07,5987.34,608.622,8.18E+07,85613.6,0.0580708
1396.73,6136.8,602.883,6.79E+07,66956.6,0.0571404
1930.22,3776.53,608.196,8.33E+07,95827.4,0.0566201
1473.28,4463.45,628.985,7.91E+07,89740.6,0.0749838
1761.31,4423.14,612.765,8.06E+07,90311.2,0.0605757
2362.15,4396.02,620.109,9.67E+07,111675,0.0668233
2177.58,5670.34,602.358,8.24E+07,86895.1,0.0524213
2181.79,5016.51,642.007,1.03E+08,119843,0.0858789
2186.09,5611.29,640.604,1.00E+08,113966,0.0855665
2015.01,5784.88,635.797,9.34E+07,103965,0.0817347
2287.85,4797.39,600.756,8.40E+07,91240.7,0.0509897
1414.15,5053.13,610.36,7.08E+07,75014,0.0619235
1778.73,5459.61,638.305,8.87E+07,99191.7,0.0853678
1606.83,6366.2,639.717,8.31E+07,88072,0.0882113
1201.12,4287.94,632.49,7.15E+07,80408.1,0.0794119
2353.08,4254.74,616.695,9.47E+07,109037,0.0641362
1539.6,5136.57,605.361,7.23E+07,76200.5,0.0574258
2084.79,5706.24,613.751,8.57E+07,92098.2,0.0618327
2305.5,3327.07,644.299,1.14E+08,137967,0.142836
1688.35,5567.89,622.362,8.05E+07,86879.8,0.0711338
1768,5312.42,644.866,9.14E+07,103761,0.0912061
1762.58,4759.16,647.566,9.39E+07,109666,0.0911385
2348.43,5141.8,621.654,9.57E+07,107472,0.067559
1813.66,4091.32,648.457,9.93E+07,119585,0.086637
1628.19,6248.76,635.015,8.22E+07,87332.6,0.0835323
1941.69,5626.51,643.64,9.52E+07,107383,0.0895517
2213.72,5829.7,617.54,8.98E+07,97217.8,0.0647204
1819.48,5413.83,606.715,7.80E+07,83011.1,0.0572289
1430.67,5578.52,611.026,7.08E+07,73410.1,0.0631096
1498.61,4570.12,638.575,8.28E+07,94714.1,0.083873
2323.77,5432.16,639.387,1.04E+08,118871,0.0840865
1947.36,5273.14,649.316,9.87E+07,114060,0.094454
1563.16,3718.45,623.58,8.22E+07,96483.7,0.065469
2060.68,3805.48,632.576,1.00E+08,120076,0.0762758
1932.85,5592.91,641.661,9.40E+07,105620,0.087682
1474.43,6057.7,631.239,7.70E+07,81100.1,0.0809451
1697.37,5860.64,623.521,8.08E+07,86304,0.0722753
1330.59,5938.86,625.718,7.16E+07,74352.7,0.0768172
2174.77,3630.38,645.119,1.11E+08,136789,0.0957138
1271.45,5742.6,628.445,7.07E+07,73894.3,0.0794912
2076.27,4653.92,611.64,8.61E+07,96471,0.0596144
2324.64,5535.58,618.939,9.30E+07,102254,0.0655536
1404.35,4047.62,602.329,6.93E+07,76615.6,0.0531451
1787.16,4522.64,646.974,9.54E+07,112335,0.0889553
2268.39,5670.46,633.683,9.88E+07,110886,0.078729
2291.33,6103.96,646.706,1.05E+08,117686,0.091444
2083.38,5233.43,609.405,8.45E+07,91922.8,0.0580647
1494.69,4820.65,645.674,8.41E+07,95963.6,0.0919477
1963.8,4911.17,635.518,9.42E+07,108451,0.0804219
1842.94,3506.51,647.684,1.03E+08,127100,0.085432
1442.1,4690.82,604.744,7.00E+07,75244.4,0.056763
1502.77,4569.24,648.188,8.59E+07,99440.4,0.092197
1814.98,6145.79,647.525,9.17E+07,101150,0.0945543
1241.56,4113.03,615.877,6.90E+07,76254.7,0.0639747
1221.26,6203.95,644.361,7.22E+07,74999,0.0936444
1580.18,5067.75,634.122,8.25E+07,92192,0.0817093
1511.64,6200.19,607.758,7.17E+07,72258.1,0.0601822
2208.65,4874.44,647.647,1.07E+08,126701,0.0909642
2204,4595.73,643.722,1.06E+08,126025,0.0869699
2082.76,4327.37,602.006,8.18E+07,90783,0.0525392
1885.18,4602.03,631.587,9.15E+07,105598,0.0761665
1775.57,5912.31,609.546,7.77E+07,81252.8,0.060011
1892.94,4184.61,603.701,7.98E+07,89170,0.0534953
1304.91,3919.79,644.508,7.95E+07,93113.3,0.0838546
1569.69,3605.37,647.075,9.24E+07,111964,0.0791661
2172.65,5581.8,626.687,9.36E+07,103812,0.0725883
1608.4,5263.73,610.066,7.49E+07,79682.6,0.0605928
1915.6,4502.27,619.386,8.71E+07,98981.5,0.0655851
2221.12,5275.97,614.277,8.93E+07,98142.9,0.0616633
1856.18,3869.9,642.855,9.92E+07,119931,0.0815924
1629.59,5549.53,605.476,7.36E+07,76744.2,0.0575278
1688.53,4101.42,619.083,8.24E+07,94704.1,0.0643996
1318.1,3287.96,633.918,7.98E+07,95503.6,0.066505
1783.22,5026.08,628.909,8.63E+07,97109.8,0.075408
1237.34,3600.02,624.221,7.24E+07,83645.6,0.0655565
1971.79,5800.48,629.898,8.99E+07,98683.8,0.0764646
1764.96,6169.71,635.882,8.62E+07,92952.7,0.0834995
1279.65,4125.99,641.469,7.71E+07,88837.7,0.0842397
1773.04,5652.98,632.176,8.61E+07,94495.4,0.0797859
2304.58,4168.47,618.242,9.52E+07,110091,0.0654423
1935.2,5997.7,613.822,8.27E+07,87359.8,0.0626372
2328.01,3348.84,646.616,1.16E+08,140032,0.153462
1678.99,3999.73,635.408,8.94E+07,105749,0.0759645
1605.68,3865.62,643.33,9.11E+07,108441,0.0802501
1514.49,5711.26,613.438,7.34E+07,76664.2,0.0647487
2206.93,3644.41,614.388,9.22E+07,107870,0.0633588
2186.72,4419.5,647.234,1.09E+08,130604,0.0895796
1532,6053.82,639.883,8.11E+07,86927.5,0.0887067
1801.74,3281.86,624.14,9.08E+07,109176,0.0683611
1582.49,3230.21,608.87,7.80E+07,91243,0.0550318
2326.97,6071.32,631.105,9.78E+07,107788,0.076463
1412.23,4769.21,614.045,7.21E+07,78164.8,0.064187
2037.64,6313.7,645.934,9.72E+07,107051,0.0917834
1332.65,6008.82,618.545,7.00E+07,71499.1,0.0705576
2150.87,5453.44,623.137,9.16E+07,101574,0.0695576
2151.96,5500.16,621.062,9.05E+07,99939.6,0.0678484
1575.88,4826.36,620.487,7.82E+07,86537.7,0.0685727
1224.35,3661.3,623.248,7.15E+07,82588.6,0.0658145
1700.1,5122.39,637.242,8.72E+07,98223.2,0.0836441
2147.29,4804.16,613.993,8.86E+07,98670.4,0.0613029
2266.14,5759.09,649.82,1.06E+08,122142,0.09446
1927.98,6124.71,644.559,9.39E+07,103762,0.0910964
1750.53,3823.77,609.158,8.02E+07,92001.1,0.0567852
1634.89,4595.07,643.767,8.87E+07,103321,0.0872023
1368.67,5527.67,601.458,6.71E+07,67799.2,0.0559663
1674.01,5237.7,602.408,7.36E+07,77823.4,0.0545029
1403.17,3671.11,629.528,7.95E+07,93924.5,0.0690338
1690.27,3936.96,614.703,8.13E+07,93437.9,0.0606504
1297.36,6265.75,633.469,7.24E+07,74582.4,0.0834119
1902.49,5675.21,603.003,7.82E+07,81695,0.0539457
1550.82,4479.67,611.696,7.52E+07,83339.9,0.0605439
2219.37,4750,634.026,1.01E+08,116877,0.0784493
2226.93,3814.62,644.686,1.11E+08,136612,0.090824
2131.97,4314.59,616.308,9.03E+07,103780,0.0630485
1270.12,5476.9,605.969,6.55E+07,67252.1,0.0599224
1444.37,5330.03,612.144,7.18E+07,75419.1,0.063494
1721.07,3225.92,629.267,9.15E+07,110988,0.0708482
1870.15,4785.53,627.755,8.88E+07,100726,0.0734749
1475.02,3897.62,608.587,7.36E+07,83140.4,0.0566174
1205.88,3364.28,600.049,6.48E+07,73036.6,0.0490407
2036.36,6328.03,630.22,9.09E+07,97770.7,0.0767522
2376.43,3485.93,648.295,1.18E+08,143686,0.140959
1681.46,5792.22,605.178,7.45E+07,76771.3,0.0569503
1563.81,4838.49,642.208,8.53E+07,97209.2,0.0881114
1454.51,4065.41,629.739,7.99E+07,92298.1,0.0728845
1592.18,4931.46,643.846,8.63E+07,98482.9,0.0899625
2284.51,3879.66,642.846,1.11E+08,135841,0.0894738
1501.57,3779.92,638.765,8.60E+07,102032,0.0762645
1925.18,5732.71,628.355,8.84E+07,96711.7,0.0753638
2275.15,6164.29,600.877,8.34E+07,85808.4,0.0506161
2243.66,6097.68,618.072,9.05E+07,96837.7,0.0650195
1329.09,5299.42,618.028,7.02E+07,74242.1,0.0694909
2173.31,4200.11,606.912,8.60E+07,97490,0.0561436
2167.08,6005.85,613.251,8.69E+07,92064.8,0.0611216
2285.57,3512.38,600.834,8.49E+07,96364.5,0.0537029
2054.88,5059.9,649.031,1.03E+08,119884,0.0929731
1868.76,6332.61,617.564,8.23E+07,85988.8,0.0660894
2003.35,4000.79,600.151,8.00E+07,89684.2,0.0510923
1568.37,4486.53,641.409,8.62E+07,99968.7,0.0849659
1882.92,3388.3,649.943,1.06E+08,131928,0.0975443
1258.21,4413.95,648.763,7.72E+07,88351.5,0.0943731
1611.19,3561.08,610.342,7.84E+07,90541.8,0.0565727
1601.71,4975.35,621.129,7.89E+07,86906.8,0.0694179
2386.36,5379.61,623.932,9.70E+07,108458,0.069686
1555.82,3907.87,642.365,8.85E+07,105586,0.0803479
1675.46,3468.94,605.875,7.81E+07,89875.2,0.054017
2050.57,3420.18,617.674,9.19E+07,108888,0.0662139
1214.89,3543.79,636.422,7.51E+07,88612.9,0.0728487
1802.74,5415.68,648.543,9.34E+07,106078,0.0947113
1640.61,3412.93,648.578,9.68E+07,118764,0.0792391
1806.68,6235.63,615.207,8.03E+07,83388.7,0.0645163
2124.42,4095.13,637.631,1.03E+08,123137,0.0806834
1256.06,4674.22,620.812,6.97E+07,75806.7,0.0709569
2259.63,5048.41,617.785,9.21E+07,102901,0.0645553
2137.84,4541.67,625.13,9.46E+07,109511,0.0704684
1804.61,3846.31,636.946,9.50E+07,113489,0.0767096
1719.08,6293.15,616.616,7.86E+07,81401.8,0.0663053
1740.53,3540.24,635.12,9.36E+07,113081,0.0736103
1247.71,5290.14,639.623,7.28E+07,79081.8,0.08988
1231.96,5547.84,636.547,7.14E+07,75940.5,0.087163
1920.39,4028.44,601.064,7.91E+07,88571.6,0.0519615
1940.3,6075.75,637.448,9.15E+07,100202,0.0840203
1267.8,6114.77,637.873,7.24E+07,75422.7,0.0877456
1875.97,4619.27,646.317,9.78E+07,114588,0.0887893
1940.78,3597.97,643.394,1.04E+08,127081,0.0845594
1522.2,5169.17,620.284,7.63E+07,82537.4,0.0697459
1636.39,3741.5,641.211,9.18E+07,109981,0.0776241
1683.32,3695.18,627.207,8.74E+07,104012,0.0683573
1900.59,5113.6,601.132,7.74E+07,82956.1,0.0524967
2167.5,5761.88,636.101,9.73E+07,108992,0.0816212
1751.45,5437.5,624.308,8.32E+07,90835.5,0.0721846
2231.46,3415.24,608.925,8.93E+07,103795,0.0605756
2228.14,3446.35,627.178,1.01E+08,121556,0.0789377
1415.62,3683.13,603.141,7.04E+07,79727.1,0.0522121
2183.92,4636.67,627.53,9.68E+07,111587,0.0726012
1797.11,4443.64,616.856,8.31E+07,94250.3,0.0637241
2245.48,5090.74,645.781,1.06E+08,124374,0.0896601
2350.16,4515.96,603.758,8.66E+07,96152.7,0.0535529
2121.97,4062.74,630.579,9.92E+07,117444,0.0747434
2370.07,4867.38,612.258,9.15E+07,102083,0.0598929
1485.38,5386.7,634.929,7.94E+07,86971.6,0.0838412
2362.97,5649.36,603.408,8.57E+07,91161.5,0.0528211
1294.12,6391.78,622.197,6.96E+07,69883.7,0.0731248
1680.31,4648.65,623.786,8.25E+07,92886.9,0.070152
1694.7,4605.67,605.141,7.58E+07,82876.4,0.0552677
1643.15,4858.04,634.75,8.49E+07,96537.8,0.0807406
2050.9,5625.57,646.668,9.93E+07,113094,0.0920807
1436.1,5210.35,643.142,8.04E+07,89157.9,0.0916788
1460.67,4775.33,603.985,7.00E+07,74917,0.0559667
1633.84,5396.32,604.764,7.38E+07,77193.4,0.0566029
1736.67,3318.12,638.277,9.59E+07,117677,0.0768791
2347.8,5296.25,604.811,8.67E+07,93200.9,0.0539282
1985.65,3700.96,644.904,1.05E+08,128858,0.0857819
1323.3,5202.57,637.324,7.52E+07,82158.9,0.0871004
2330.63,4683.23,622.054,9.66E+07,110437,0.0682966
1836.03,3305.83,640.193,1.00E+08,123197,0.0843417
1913.36,6263.92,629.661,8.75E+07,93881.4,0.0769767
1706.21,5899.76,626.807,8.23E+07,87869.9,0.0751265
1703.41,3272.8,602.109,7.70E+07,89252,0.0518833
2192.8,3491.52,617.494,9.42E+07,111352,0.0672677
1217.63,4884.34,615.199,6.69E+07,71356.3,0.0669921
2108.03,6336.05,602.523,8.14E+07,82931.6,0.052759
1795.85,4715.36,641.59,9.29E+07,107476,0.085412
1599.97,3974.17,647.313,9.16E+07,109572,0.0841902
2116.3,3812.75,607.133,8.62E+07,98276.6,0.0566425
1493.7,4549.03,638.396,8.25E+07,94660.6,0.0834484
1487.46,3874.87,617.327,7.71E+07,88780.1,0.0624432
2011.32,4475.17,630.313,9.44E+07,110140,0.0743779
1458.14,4472.06,643.477,8.30E+07,95835.3,0.0877049
1991.68,6251.54,615.987,8.42E+07,88328,0.0641299
1843.29,3490.11,626.853,9.23E+07,110954,0.0697654
2353.46,5085.24,641.251,1.07E+08,124204,0.0857553
1509.75,3977.63,626.644,8.09E+07,94052.8,0.0693089
2246.66,3961.4,619.493,9.54E+07,111492,0.0667127
1890.74,3666.42,610.494,8.42E+07,97368.8,0.0578942
2200.64,4756.36,626.933,9.64E+07,110668,0.0721981
1625.29,4137.23,633.364,8.67E+07,101024,0.0756216
1827.45,5969.65,641.548,9.02E+07,99405.4,0.0884419
1548.15,5718.9,600.991,7.07E+07,72031.1,0.0545088
2232.96,6306.06,607.191,8.53E+07,88538.8,0.05616
1486.37,4115.93,637.108,8.34E+07,97348.3,0.0785599
1228.93,6174.31,604.461,6.42E+07,62917.6,0.058941
1859.13,5618.71,635.983,8.97E+07,99999.7,0.0824687
1248.54,3373.79,634.592,7.66E+07,91255.2,0.0682574
2267.02,5333.97,642.738,1.04E+08,120565,0.087019
1273.99,4507.45,603.3,6.57E+07,70195.1,0.0560524
1534.99,4992.49,613.726,7.48E+07,80797.2,0.0638796
2203,3286.21,620.995,9.65E+07,115729,0.0744133
1707.21,4055.57,649.178,9.58E+07,114926,0.0867048
1918.31,4658.72,601.893,7.88E+07,85990.7,0.052463
2053.75,3220.52,605.058,8.46E+07,98388.6,0.0572325
1760.27,3421.69,614.072,8.40E+07,98800.9,0.0596503
1756.56,5755.78,625.057,8.29E+07,89587.6,0.0732991
1834.6,6093.89,638.048,8.89E+07,96930.4,0.0852556
2307.5,3732.11,634.227,1.07E+08,129345,0.0830151
1372.67,4300.48,649.466,8.24E+07,95400.4,0.091819
2286.28,5526.27,632.523,9.90E+07,111664,0.0777832
1677.3,5697.31,649.528,8.89E+07,99393.6,0.0969787
1642.53,3321.03,647.868,9.69E+07,119589,0.0792877
1644.3,3546.98,614.168,8.11E+07,94260.9,0.0591428
1921.96,6217.84,641.163,9.21E+07,100978,0.0878909
1698.61,4170.37,601.349,7.48E+07,83076.3,0.051934
2126.95,5100.21,632.618,9.66E+07,110508,0.0777971
1709.16,3966.79,617.853,8.29E+07,95618.3,0.0628925
2238.44,5849.68,603.882,8.40E+07,88220.2,0.0535468
2161.96,3454.91,632.428,1.03E+08,125231,0.0834129
1464.4,5683.48,647.388,8.15E+07,89637.5,0.0967439
1234.67,4724.51,638.19,7.32E+07,81172.5,0.0870304
2318.48,5744.96,625.67,9.56E+07,105801,0.0711934
1911.3,5482.94,605.037,7.91E+07,83846.5,0.0554705
1338.62,5629.26,632.92,7.37E+07,78641.9,0.0831952
2042.68,5166.14,631.54,9.39E+07,106395,0.0769119
1738.04,3799.75,624.048,8.69E+07,102227,0.0669171
1492.62,6303.3,613.624,7.27E+07,73704.5,0.0649951
1311.54,3473.52,629.563,7.73E+07,90636.1,0.0670859
2056.8,4918.51,649.445,1.04E+08,121612,0.0928255
2334.09,3922.96,645.716,1.15E+08,139622,0.0930095
1340.93,4347.01,636.013,7.71E+07,88071.7,0.0812817
1572.01,6388.84,646.395,8.36E+07,89139.9,0.0949159
1543.96,5692.8,602.772,7.10E+07,72681.3,0.055595
1838.69,5972.36,606.008,7.82E+07,80570.9,0.0571934
1547.04,4540.13,646.209,8.70E+07,100884,0.089797
2068.54,3968.3,621.634,9.31E+07,109078,0.0671791
1998,4893.51,645.591,9.98E+07,116785,0.0895309
1624.25,6322.73,617.239,7.67E+07,78957.5,0.0671255
1519.73,3704.57,640.491,8.73E+07,104546,0.0763671
1363.48,4197.12,601.434,6.79E+07,73773.5,0.0533794
1365.54,3638.99,637.01,8.10E+07,95676,0.0734582
1730.44,5280.09,620.005,8.15E+07,88724.4,0.0683147
1835.15,4489.91,603.936,7.83E+07,86314.8,0.0541416
1593.02,4665.54,619.166,7.86E+07,87680.6,0.0670273
2000.86,4344.83,611.06,8.50E+07,96288.8,0.0587309
1256.84,4173.34,646.878,7.71E+07,89214,0.0899453
1896.63,5554.28,633.342,9.00E+07,99928.6,0.0802486
1832.96,6311.23,603.63,7.70E+07,77757.7,0.0549702
1289.69,5070.77,630.924,7.26E+07,79034,0.0808082
2299.16,3992.7,624.906,9.97E+07,117947,0.0714557
2212.47,6127.19,648.833,1.03E+08,116645,0.093752
1583.98,4872.04,648.219,8.78E+07,100766,0.0937201
2206.65,3905.9,636.784,1.05E+08,127054,0.0815064
2016.95,3996.54,615.313,8.82E+07,101930,0.0620826
2322.31,5180.2,641.116,1.06E+08,122073,0.0855654
1516.22,4842.03,623.86,7.78E+07,86161.8,0.0719073
1667.74,6259.5,623.745,7.97E+07,83355,0.072903
1586.28,4068.38,612.946,7.78E+07,87655.4,0.0600708
1283.58,3975.18,601.572,6.63E+07,72586.3,0.0529348
1630.65,5933.62,631.071,8.14E+07,87373.2,0.0798384
1467.89,5004.84,619.574,7.48E+07,81468.8,0.0690642
1807.37,5825.09,630.716,8.61E+07,93582.3,0.0782611
2393.48,4934.96,613.387,9.22E+07,103001,0.0607638
2389.52,4836.29,625.226,9.90E+07,113405,0.0706753
1259.69,5715.57,611.854,6.67E+07,67556.1,0.0648903
2320.1,4464.42,647.765,1.13E+08,135243,0.0912258
2053.13,6017.23,621.38,8.78E+07,94633.2,0.0685357
1964.84,4534.97,609.853,8.34E+07,92992.5,0.0581213
2152.84,3688.8,628.832,1.00E+08,120138,0.0749757
1596.03,5514.19,619.327,7.76E+07,82914.4,0.0689102
2009.2,5750.25,628.876,9.05E+07,99513.4,0.075335
2329.47,5251.48,612.013,9.01E+07,98675.1,0.0596819
1356.55,6036.8,616.941,7.03E+07,71579.7,0.0685732
1416.91,3312.63,643.669,8.67E+07,105147,0.0716784
1969.73,3932.58,639.287,1.00E+08,121013,0.0804981
1561.02,4324.79,632.089,8.33E+07,96147.6,0.0761694
2086.4,5541.39,649.145,1.02E+08,116618,0.0942688
1771.24,4588.57,630.387,8.77E+07,100940,0.0753704
1999.73,5918.67,607.253,8.11E+07,84987.3,0.0569417
2092.71,5147.16,613.497,8.65E+07,95252.7,0.0615029
2209.61,4366.37,607.689,8.70E+07,97821.1,0.0568013
1852.62,4616.92,630.072,8.99E+07,103329,0.0747336
1956.31,5409.53,624.19,8.79E+07,97130.3,0.071011
1207.05,6019.64,619.769,6.70E+07,67474.9,0.0719209
1864.78,5240.04,631.172,8.90E+07,99608.3,0.0775952
1971.31,3916.31,610.427,8.51E+07,97598.8,0.0581111
2106.31,5376.96,647.72,1.02E+08,117747,0.0923615
2198.08,3516.18,638.926,1.08E+08,132238,0.0921306
1351.73,4951.6,626.58,7.36E+07,80390.9,0.0759934
2026.09,5394.94,642.77,9.78E+07,111250,0.0879085
1880.02,5923.87,633.429,8.87E+07,97190.3,0.0804054
2338.29,5633.45,646.41,1.07E+08,123198,0.0910765
2343.09,3343.86,614.507,9.42E+07,111365,0.0678193
1386.44,5802,636.749,7.61E+07,81492,0.0867983
2315.53,4208.5,603.271,8.62E+07,96801.7,0.0532194
1861.26,4386.94,604.095,7.90E+07,87350.8,0.0537487
1947.87,3689.8,639.664,1.01E+08,123434,0.0803978
2119.73,5905.81,648.132,1.01E+08,114244,0.0930059
1710.25,3774.4,630.865,8.96E+07,106227,0.0712658
2145.16,6109.32,605.567,8.31E+07,86638.5,0.0549813
1274.5,3448.92,619.135,7.27E+07,84425.2,0.0606576
2346.02,5767.24,611.148,8.96E+07,95550.7,0.0590336
1566.25,6117.8,622.831,7.70E+07,80371.1,0.0726022
1933.59,6272.31,608.305,8.02E+07,82895.2,0.0579887
2164.01,4881.88,608.492,8.58E+07,94612.8,0.0570661
2148.51,5961.94,604.966,8.30E+07,86671.8,0.0545367
2333.21,4737.44,619.696,9.51E+07,108253,0.0660023
1924.56,5337.07,636.281,9.23E+07,103934,0.0818984
2190.96,3459.73,622.024,9.69E+07,115777,0.0721108
1358.69,5091.54,648.002,7.91E+07,88668.7,0.0967104
1533.03,5656.46,621.459,7.64E+07,80837.2,0.071815
1562.23,5728.22,608.966,7.34E+07,76119,0.0605142
1251.14,4051.85,636.965,7.50E+07,86443.3,0.0801396
1889.06,6216.81,620.185,8.38E+07,88439,0.0683413
2093.53,3352.33,600.34,8.21E+07,94146.9,0.0531769
1529.63,3925.37,634.816,8.49E+07,99675.9,0.0750212
1246.03,6197.52,629.168,6.98E+07,70962.4,0.079449
2217.77,3589.69,602.3,8.48E+07,96860.9,0.0541846
1976.66,4741.49,646.048,1.00E+08,117926,0.0892257
1983.11,5599.89,600.232,7.85E+07,81905.5,0.0514726
2008.19,4866.24,620.243,8.85E+07,99549.6,0.0669949
2321.35,5995.66,606.168,8.64E+07,90807.7,0.0548713
2326.75,4337.64,634.985,1.06E+08,124946,0.0796811
2395,4627.09,601.764,8.63E+07,94678.4,0.0520558
2189.42,5833.98,626.24,9.32E+07,102279,0.0722564
1647.97,4643.84,624.972,8.23E+07,92739.2,0.0714546
2090.42,4004.78,634.29,1.01E+08,120612,0.0775832
1520.68,6023.09,645.989,8.24E+07,89324.6,0.095248
2032.76,4845.14,604.938,8.18E+07,89313,0.0546529
1613.82,5647.3,629.115,8.07E+07,87606.5,0.0777736
1944.52,4481.51,643.184,9.91E+07,117134,0.0852554
1296.33,3618.55,606.472,6.88E+07,77918.8,0.0542495
1713.59,5944.63,600.39,7.37E+07,74856.6,0.0530081
1236.45,4239.81,640.735,7.48E+07,85410.9,0.0856883
1878.11,5079.04,620.642,8.52E+07,94796.6,0.0677428
2230.53,4976.13,638.42,1.03E+08,119086,0.0826077
1264.16,3647.13,610.925,6.89E+07,78441.2,0.0572725
2281.33,4432.04,619.849,9.51E+07,109410,0.0663309
1892.4,4801.11,642.189,9.56E+07,111240,0.0861075
1204.49,4048.42,630.952,7.19E+07,81662.9,0.0758796
1865.04,5740.42,610.039,8.01E+07,84213.2,0.0598122
2350.99,4105.32,623.334,9.94E+07,116520,0.0702828
1223.16,6137.67,622.242,6.76E+07,68183.3,0.0736451
2397.1,6224,635.206,1.01E+08,111914,0.0797309
2296.32,4722.84,624.053,9.69E+07,111265,0.0695532
1716.9,5149.44,627.27,8.39E+07,93157.4,0.0745072
2290.04,4410.14,637.818,1.06E+08,125659,0.0818638
1668.53,5019.41,639.843,8.72E+07,98937.2,0.0859127
1841.61,3528.62,620.447,8.90E+07,105366,0.0648933
2383.13,4685.07,633.539,1.04E+08,122262,0.078082
1725.22,6245.11,609.743,7.69E+07,78520.4,0.0605582
1227.83,4710.93,606.654,6.51E+07,69115.4,0.0597421
1692.14,5223.92,616.959,7.93E+07,86295.5,0.0658499
1453.43,4583.04,609.645,7.20E+07,78564.3,0.0599966
2345.15,4186.47,627.034,1.02E+08,119162,0.0731217
2132.68,3250.45,618.773,9.40E+07,112539,0.071362
1768.99,5658.54,603.22,7.58E+07,78737.3,0.054758
2020.47,5531.63,626.148,8.98E+07,99403.1,0.0726071
2181.47,6307.92,609.05,8.53E+07,88869.9,0.057746
1881.04,4146.04,603.08,7.93E+07,88795,0.0529696
1928.46,5903.26,613.543,8.24E+07,87227.1,0.0622249
2360.19,3291.06,627.417,1.03E+08,124650,0.0892743
1466.06,3573.13,600.101,7.09E+07,79690.3,0.0498031
1926.91,4342.3,637.501,9.63E+07,113673,0.0798697
1711.86,4388.32,644.482,9.24E+07,108913,0.0860615
1253.74,6001.78,643.08,7.30E+07,76859.6,0.0930999
2257.73,5703.3,636.457,1.00E+08,112442,0.0813084
1746.35,3758.01,622.528,8.69E+07,102073,0.0657649
1984.33,4295.06,636.237,9.76E+07,115525,0.0789766
1462.77,5982.32,621.529,7.42E+07,77335.1,0.0722453
1319.71,5011.11,612.409,6.91E+07,73101.1,0.0641973
2057.66,4132.44,612.208,8.71E+07,99536.1,0.0598221
1295.65,5289.15,642.598,7.53E+07,82198.8,0.0925065
2365.66,3802.96,638.506,1.11E+08,134266,0.0880043
1350.79,3557.65,612.075,7.24E+07,83263.8,0.0571637
2254.04,4563.84,624.381,9.66E+07,111305,0.0699838
1420.59,5585.8,644.759,7.95E+07,86923.4,0.0941347
1931.13,4448.65,644.226,9.91E+07,117522,0.0860262
1646.16,5797.92,647.976,8.74E+07,96849.8,0.0960048
2392.02,5954.23,628.669,9.84E+07,108681,0.0739183
2249.48,3841.69,603.542,8.58E+07,97374.9,0.0543222
1571.44,5858.81,610.231,7.38E+07,76293.4,0.0615309
2342.15,4038.22,649.275,1.17E+08,142317,0.0952713
2309.33,6231.34,644.125,1.03E+08,115624,0.0886599
1684.04,6128.25,606.505,7.51E+07,76291.8,0.0581909
1856.52,3854.95,621.038,8.82E+07,103468,0.0653462
1479.99,3818.22,622.272,7.89E+07,91656.6,0.0655856
2099.83,4142.42,614.113,8.89E+07,101813,0.0613775
2013.72,6195.1,601.929,7.95E+07,81329.8,0.0528808
1590.04,4418.73,621.995,8.01E+07,91126.2,0.0684116
1733.64,4791.04,637.998,8.93E+07,102483,0.0828137
1374.2,5339.3,604.203,6.79E+07,69821.9,0.0575838
1355.97,3499.07,618.317,7.49E+07,87395,0.0605884
1717.78,4283.75,613.693,8.02E+07,90936.9,0.0611582
1336.55,3264.26,616.762,7.47E+07,87636,0.0576217
1457.8,3950.85,628.532,8.00E+07,93276.3,0.070923
1752.46,5643.85,620.882,8.15E+07,87731.5,0.0695814
1462.89,4520.64,625.845,7.75E+07,87309,0.0725417
1981.95,4455.31,623.643,9.05E+07,104246,0.0689574
1450.79,4822.48,637.161,8.01E+07,89942.5,0.0844777
2302.04,5097.02,629.824,9.91E+07,113223,0.0751014
1663.13,6156.81,611.999,7.61E+07,78135.7,0.0628395
2194.65,4818.5,605.942,8.51E+07,93696.8,0.0550893
1653.26,4469.62,607.638,7.62E+07,84355.7,0.0570772
2357.01,6085.49,615.762,9.13E+07,98098.3,0.062717
1714.67,3724.93,640.957,9.44E+07,114008,0.0782308
1275.83,3986.82,616.468,7.02E+07,79279,0.0635137
2269.93,4109.78,635.92,1.06E+08,126387,0.0804811
2339.02,6300.72,629.479,9.71E+07,105939,0.0743693
1273.16,3862.99,614.663,6.99E+07,79305.9,0.0613857
1745.62,3677.29,625.535,8.86E+07,104811,0.0675417
1239.26,5154.91,611.35,6.62E+07,69122.2,0.0644446
1506.61,5218.75,633.056,7.97E+07,87746.7,0.0817183
2135.77,5045.76,636.866,9.89E+07,114184,0.0815053
2130.22,5304.4,604.877,8.32E+07,89103.9,0.0545511
1397.74,3651.55,642.919,8.38E+07,100173,0.0769593
1845.88,5450.26,619.603,8.34E+07,90825,0.0676539
1825.79,4941.59,602.801,7.72E+07,82807.1,0.0536518
1873.3,6028.07,625.478,8.56E+07,91829.6,0.073191
1440.56,4459.26,614.48,7.32E+07,81375.5,0.0633243
1857.98,5340.97,639.787,9.19E+07,104135,0.0858664
1663.53,5185.59,600.668,7.31E+07,76475,0.0529891
2224.43,4700.86,633.247,1.01E+08,117245,0.0775404
1886.03,3345.03,604.263,8.11E+07,94310,0.0542559
1263.48,5443.76,644.19,7.43E+07,80418.4,0.0943747
2041.5,4022.1,622.658,9.29E+07,108979,0.0678795
1784.81,4967.8,632.811,8.81E+07,99855.4,0.0784868
1937.85,4219.93,622.312,8.97E+07,103733,0.0673273
1657.09,6279.33,647.186,8.66E+07,93945.7,0.0954413
2299.6,5357.1,634.699,1.01E+08,115027,0.0795686
1252.18,6237.23,602.194,6.42E+07,62302.9,0.0567483
2205.04,4191.25,647.431,1.11E+08,133605,0.0898852
2377.71,4717.59,643.874,1.11E+08,130719,0.0878479
1875.21,5353.4,619.267,8.41E+07,92239.6,0.0671836
1832.21,5172.53,647.253,9.46E+07,108652,0.0924391
2127.79,4981.44,607.058,8.44E+07,92307.2,0.0559637
2048.51,4637.72,641.849,1.01E+08,118395,0.0848312
2214.47,5505.5,617.261,9.00E+07,98528.7,0.0641011
2373.98,3549.29,615.097,9.53E+07,111549,0.066364
2187.9,6186.53,623.159,9.14E+07,98182.6,0.0695931
2043.87,3567.47,634.472,1.02E+08,123220,0.0796042
1456.01,3303.5,636.374,8.57E+07,103282,0.0687634
2379.02,3982.52,615.745,9.52E+07,110332,0.06398
1965.66,5160.51,638.069,9.47E+07,107954,0.0831316
2046.09,4529.97,610.862,8.56E+07,95764.4,0.0587959
1331.89,5510.67,606.829,6.75E+07,69175.9,0.0601965
1202.34,3429.18,611.576,6.81E+07,77870,0.0563324
1408.32,5873.82,648.097,7.97E+07,86289.4,0.0978562
1540.98,5407.09,622.717,7.71E+07,83051.7,0.0720911
1770.72,4087.45,641.904,9.49E+07,113285,0.0816579
1828.88,5309.18,609.909,7.96E+07,85458.9,0.0595089
1951.74,3496.61,613.331,8.72E+07,102556,0.0607973
2199.4,4498.06,636.057,1.02E+08,120303,0.0798913
2108.89,3607.28,602.651,8.34E+07,95454.2,0.053783
2079.53,5976.56,639.534,9.63E+07,107003,0.0851748
2176.57,4302.62,635.81,1.02E+08,121364,0.0795252
1742.42,4322.45,645.885,9.46E+07,111814,0.0863738
2021.74,3797.22,642.32,1.04E+08,127094,0.083458
1799.17,5284.27,640.547,9.07E+07,102648,0.0868855
2006.29,4778.64,632.997,9.47E+07,109351,0.0776458
1308.04,3831.86,648.97,8.11E+07,95753.4,0.0854919
2077.33,3761.1,626.788,9.71E+07,115540,0.0717951
1789.77,4862.74,633.703,8.90E+07,101208,0.0790594
2074.31,4118.95,641.955,1.04E+08,125270,0.0836788
1484.3,4579.46,603.387,7.08E+07,76359.5,0.0548935
2311.32,4590.55,613.128,9.12E+07,102877,0.0607047
2294.97,5561.22,616.504,9.13E+07,99674,0.0634134
1467.28,3254.05,625.022,8.18E+07,98298.7,0.0630156
1239.82,5191.85,638.625,7.25E+07,78989.5,0.0889812
1387.95,3989.55,625.169,7.65E+07,87827,0.0691678
1419.05,5932.03,623.084,7.35E+07,76645.9,0.0739258
1546.76,4886.95,618.618,7.69E+07,84369.8,0.067588
1499.68,4071.4,602.714,7.14E+07,79339.9,0.0532448
1304.09,5986.89,617.407,6.89E+07,70386.1,0.0694676
2030.17,5843.49,627.643,9.03E+07,98815.8,0.0741646
1537.35,6371.83,621.217,7.60E+07,77631,0.0714227
2112.56,4665.83,645.495,1.04E+08,123211,0.0883457
1353.29,4360.93,641.301,7.91E+07,90701.2,0.0857733
1491.18,4375.72,625.784,7.87E+07,89679.7,0.0717391
1311.8,3391,603.813,6.88E+07,78580.1,0.0513386
2013.21,3834.97,632.274,9.84E+07,117893,0.0751468
1262.22,4060.72,613.859,6.92E+07,76976.7,0.0619273
2303.54,5496.93,621.852,9.41E+07,104213,0.0681241
1637.82,3698.22,631.829,8.81E+07,105203,0.0710885
1345.88,5869.31,639.12,7.54E+07,80447.8,0.0891542
1524.92,4504.76,615.848,7.60E+07,84511.9,0.0639055
1901.04,4660.81,639.905,9.55E+07,111946,0.0834004
2195.55,4081.28,608.243,8.76E+07,99511.3,0.0573947
1509.34,3787.45,604.5,7.30E+07,82460,0.053461
1373.1,4203.76,631.958,7.77E+07,88859.5,0.0765102
2144.07,3338.99,641.048,1.09E+08,132699,0.109068
1975.21,5712.83,617.361,8.52E+07,91531.2,0.0653529
2292.91,5468.42,609.678,8.80E+07,95076.9,0.0577882
1490.05,5788.66,609.329,7.18E+07,73500.2,0.0616465
1943.6,3892.69,611.224,8.50E+07,97738.6,0.0588289
1242.8,4333.26,607.71,6.62E+07,71945.1,0.0592396
2033.6,3463.4,624.27,9.53E+07,114637,0.0709802
1218.59,5890.56,641.877,7.18E+07,75675,0.0922485
2358.17,6063.35,604.128,8.63E+07,90046.6,0.0530826
2004.76,4310.29,612.541,8.59E+07,97336.3,0.0600043
2165.38,5241.61,600.435,8.16E+07,87162.9,0.0510798
1621.85,3451.94,610.67,7.91E+07,91931,0.0564614
1614.29,5765.25,618.968,7.75E+07,82043.5,0.0687598
1755.18,4306.99,604.428,7.72E+07,85949.4,0.0539232
2098.59,4148.6,627.957,9.66E+07,113737,0.0720808
1723.32,4408.56,617.801,8.23E+07,92766.5,0.0645891
1794.97,3408.5,622.406,8.93E+07,106699,0.0660732
2115.57,4038.69,645.027,1.08E+08,130186,0.0866679
1421.9,4676.8,600.459,6.83E+07,72702.8,0.0534126
1503.68,5518.99,633.825,7.93E+07,86227.9,0.0829894
1536.27,3210.45,629.053,8.61E+07,103729,0.0660506
1877.83,6384.65,628.577,8.61E+07,91808.1,0.0758408
1722.66,4262.84,639.044,9.13E+07,107622,0.0806871
1426.33,5979.07,625.62,7.45E+07,77463.9,0.0756844
2162.74,5573.68,611.411,8.65E+07,92903.7,0.0596263
1790.62,5022.64,628.194,8.62E+07,96990,0.0746451
2256.52,5679.38,630.178,9.70E+07,107909,0.0756595
2067.55,5259.32,643.292,9.95E+07,114477,0.0878982
1792.53,3766.68,617.748,8.56E+07,100039,0.0628926
1366.6,4851.85,625.336,7.39E+07,81063.9,0.0745089
1762.98,4601.37,618.14,8.27E+07,92733.1,0.0655327
2022.55,5245.04,619.444,8.78E+07,96908.6,0.0666282
1854.51,5848.3,644.406,9.21E+07,102590,0.0908535
1286.85,3581.15,648.942,8.12E+07,96805.9,0.0804951
1428.22,3883.48,619.972,7.64E+07,87970.3,0.0642825
2047.58,5457.7,612.333,8.48E+07,91620.9,0.0604333
1280.91,4953.84,624.475,7.11E+07,77044.7,0.0748354
1778.35,4086.21,623.358,8.68E+07,100760,0.0675695
1277.33,3794.16,628.144,7.45E+07,86314,0.0701944
1620.67,4157.29,610.169,7.69E+07,86552.4,0.0583522
1482.75,5038.4,602.067,6.98E+07,73718.2,0.054988
1225.96,6066.94,600.286,6.32E+07,61781.6,0.0557757
1325.02,4904.43,635.592,7.52E+07,83374.4,0.0843867
1952.82,4483.9,634.182,9.50E+07,110640,0.0774973
1215.86,5480.89,646.513,7.29E+07,78738.7,0.0967377
2139.23,4575.74,629.232,9.71E+07,112237,0.0737528
2289.34,5807.88,639.068,1.01E+08,114157,0.0838008
2156.49,4650.68,644.64,1.05E+08,124350,0.0876934
1339.95,3955.34,606.612,6.93E+07,77146.6,0.0559656
1267.05,3578.72,620.598,7.24E+07,83863.4,0.0630727
1436.41,3394.44,642.504,8.66E+07,104625,0.0726739
1850.46,5680.22,613.581,8.10E+07,86305.4,0.0627418
2368.95,6222.22,642.095,1.04E+08,116267,0.0866341
1700.59,4236.51,601.802,7.52E+07,82833.3,0.0524095
1447.35,5737.22,642.457,7.99E+07,86487.4,0.091854
1673.65,3205.77,643.022,9.68E+07,119290,0.0802951
2179.16,5231.23,608.013,8.55E+07,92887.6,0.0569363
1360.09,4630.9,621.912,7.30E+07,80612.6,0.0707872
1500.04,6368.47,628.766,7.69E+07,79639.7,0.0782257
1209.94,3225.41,631.343,7.49E+07,88772.7,0.0639006
2331.72,3552.16,626.398,1.02E+08,122843,0.0776793
2111.41,4268.94,623.817,9.44E+07,109570,0.0691761
1574.81,6335.15,638.827,8.18E+07,86593.5,0.0873815
1616.39,4406.01,632.77,8.50E+07,98199,0.0769204
1392.88,6077.76,645.205,7.82E+07,83326.9,0.0947631
2228.85,3383.19,640.685,1.10E+08,134754,0.110002
2216.54,5278.8,624.506,9.40E+07,105522,0.0704986
1309.98,4998.55,605.711,6.71E+07,70240.8,0.0587945
1809.4,4783.03,601.166,7.62E+07,82326.3,0.0520126
1429.57,5790.3,640.91,7.86E+07,84644.6,0.0902258
1302.81,4551.85,617.97,7.07E+07,77441.5,0.0675542
1786.34,5543.31,619.24,8.18E+07,88497,0.0675198
1788.03,3370.7,615.473,8.58E+07,101169,0.061117
2236.45,6049.45,640.404,1.00E+08,111895,0.0856098
1588.26,4668.86,608.071,7.45E+07,81086.1,0.0580252
1911.97,3894.71,647.826,1.04E+08,125803,0.0858758
1672.55,4077.24,629.642,8.67E+07,101088,0.072353
1213.58,3336.91,604.379,6.65E+07,75825.8,0.0514244
2360.93,5877.61,638.493,1.03E+08,115934,0.0831326
1905.09,3277.92,611.71,8.61E+07,101391,0.0604791
2034.8,3217.11,635.75,1.03E+08,125917,0.097696
2037.02,4727.25,615.618,8.71E+07,97944,0.0629491
2264.77,5862.48,631.381,9.70E+07,107866,0.0766674
1693.93,4525.39,606.443,7.65E+07,84049,0.0563355
1980.22,6323.69,642.121,9.39E+07,102770,0.088073
1848.12,3634.25,629.304,9.34E+07,111789,0.0714531
1471.98,5074.24,626.716,7.68E+07,84472.8,0.0756894
1549.5,5104.9,631.266,8.07E+07,89163.1,0.0793061
2364.92,3297.46,607.498,8.97E+07,104224,0.0617224
2072.79,3707.48,621.199,9.37E+07,111127,0.0672863
1378.47,5390.39,610.643,6.98E+07,72550.3,0.0628541
2314.32,4155.93,630.668,1.03E+08,122067,0.0759978
1782.43,6154.54,601.627,7.54E+07,76079,0.0539359
2102.45,5600.01,612.833,8.59E+07,92302.8,0.0609899
1211.21,4330.4,629.45,7.10E+07,79064,0.076936
1384.33,5306.83,629.759,7.50E+07,81419.9,0.0796515
1708.27,5317.38,606.568,7.59E+07,80503.4,0.0572285
1609.3,5493.66,639.331,8.42E+07,92919.6,0.0871815
1822.51,6210.4,635.093,8.74E+07,94010,0.0822519
2223.32,6360.02,607.38,8.51E+07,88279.5,0.056222
1232.54,3424.85,626.181,7.36E+07,86124.2,0.0643125
1391.14,3439.59,633.617,8.14E+07,97426.7,0.0688398
1744.25,5959.43,642.632,8.83E+07,97148.2,0.0901983
1899.58,5895.71,647.908,9.47E+07,106147,0.0943694
1805.98,4370.73,631.491,9.00E+07,104684,0.0750941
1654.44,5448.54,641.399,8.63E+07,96295.5,0.088843
2272.97,5032.72,624.562,9.58E+07,108406,0.0702448
2118.16,5780.88,640.288,9.79E+07,110177,0.0857742
1574.24,3576.35,618.456,8.10E+07,94754.9,0.0616953